<?xml version="1.0" encoding="UTF-8"?>
<metadata modelVersion="1.1.0">
  <groupId>com.gionee</groupId>
  <artifactId>gnif-file</artifactId>
  <version>2.1-SNAPSHOT</version>
  <versioning>
    <snapshot>
      <timestamp>20170612.090254</timestamp>
      <buildNumber>1</buildNumber>
    </snapshot>
    <lastUpdated>20170612090254</lastUpdated>
    <snapshotVersions>
      <snapshotVersion>
        <extension>jar</extension>
        <value>2.1-20170612.090254-1</value>
        <updated>20170612090254</updated>
      </snapshotVersion>
      <snapshotVersion>
        <extension>pom</extension>
        <value>2.1-20170612.090254-1</value>
        <updated>20170612090254</updated>
      </snapshotVersion>
    </snapshotVersions>
  </versioning>
</metadata>
