<?xml version="1.0" encoding="UTF-8"?>
<metadata modelVersion="1.1.0">
  <groupId>com.gionee</groupId>
  <artifactId>gnif-file</artifactId>
  <version>2.2-SNAPSHOT</version>
  <versioning>
    <snapshot>
      <localCopy>true</localCopy>
    </snapshot>
    <lastUpdated>20170802085516</lastUpdated>
    <snapshotVersions>
      <snapshotVersion>
        <classifier>sources</classifier>
        <extension>jar</extension>
        <value>2.2-SNAPSHOT</value>
        <updated>20170802085516</updated>
      </snapshotVersion>
      <snapshotVersion>
        <extension>jar</extension>
        <value>2.2-SNAPSHOT</value>
        <updated>20170802085516</updated>
      </snapshotVersion>
      <snapshotVersion>
        <extension>pom</extension>
        <value>2.2-SNAPSHOT</value>
        <updated>20170802085516</updated>
      </snapshotVersion>
    </snapshotVersions>
  </versioning>
</metadata>
